{
  "LastBuildTime": "2025-05-24T13:08:21.5174506-07:00",
  "BuildDuration": {
    "Ticks": 1709809,
    "Days": 0,
    "Hours": 0,
    "Milliseconds": 170,
    "Microseconds": 980,
    "Nanoseconds": 900,
    "Minutes": 0,
    "Seconds": 0,
    "TotalDays": 1.9789456018518517E-06,
    "TotalHours": 4.749469444444444E-05,
    "TotalMilliseconds": 170.9809,
    "TotalMicroseconds": 170980.9,
    "TotalNanoseconds": 170980900.0,
    "TotalMinutes": 0.0028496816666666665,
    "TotalSeconds": 0.1709809
  },
  "Message": "On Demand"
}
