{
  "LastBuildTime": "2025-05-31T08:22:13.4379317-07:00",
  "BuildDuration": {
    "Ticks": 1041084,
    "Days": 0,
    "Hours": 0,
    "Milliseconds": 104,
    "Microseconds": 108,
    "Nanoseconds": 400,
    "Minutes": 0,
    "Seconds": 0,
    "TotalDays": 1.2049583333333334E-06,
    "TotalHours": 2.8919E-05,
    "TotalMilliseconds": 104.1084,
    "TotalMicroseconds": 104108.4,
    "TotalNanoseconds": 104108400.0,
    "TotalMinutes": 0.00173514,
    "TotalSeconds": 0.1041084
  },
  "Message": "On Demand"
}
